,rating,sentiment,review,rating std,sentiment std,mae,spearman,sympathy,unsympathy,count
0,10,15.112167596817017,이렇게 주인공이 걱정이 안되는영화는 첨이네요.. ,0.9294650748918902,23.429598826888206,693.9485234664037,0.18985594544597134,17365,345,1
1,10,27.207869291305542,혼자야?응 아직 싱글이야 ㅋㅋㅋㅋ ,3.688905622452006,30.412134596185975,501.50381616751355,0.30070669982940523,12118,290,2
2,10,42.10507273674011,윤계상은 이제 배우라 불러도 손색없을듯! 악역 진짜 잘함 어찌나 몰입했던지 보는 중간에 나쁜놈이라 욕나옴. 시작은 마동석이 끝은 윤계상이 다함 ,0.4751888588854996,23.513737503837998,739.9529215369638,0.12243260812362032,10955,528,3
3,10,72.73128032684326,범죄도시 이건 신세계. 베테랑. 공공의적 다 보이는 영화인것같다. 대박조짐 시사회때 봤는데 또볼수밖에 없네 2017년 영화 중 top 1임 다들 달려가세요!!! ,2.1065374432940898,26.312905012535087,755.1092432141304,0.301672895613299,7863,832,4
